[
  {
    "id": "c697db9a-5ba3-46ab-ac69-4bbb9c9ccdd5",
    "data": [
      {
        "text": "I am feeling ",
        "userDefined": false
      },
      {
        "text": "mood",
        "alias": "mood",
        "meta": "@mood",
        "userDefined": true
      }
    ],
    "isTemplate": false,
    "count": 0,
    "updated": 0
  },
  {
    "id": "ce9d73ee-fb65-4591-8699-56cb75f7b7f2",
    "data": [
      {
        "text": "I am ",
        "userDefined": false
      },
      {
        "text": "mood",
        "alias": "mood",
        "meta": "@mood",
        "userDefined": true
      }
    ],
    "isTemplate": false,
    "count": 0,
    "updated": 0
  }
]