[
  {
    "id": "ea44b2a4-2a4a-42c4-adcf-217499ac1d6b",
    "data": [
      {
        "text": "I am ",
        "userDefined": false
      },
      {
        "text": "name",
        "alias": "name",
        "meta": "@name",
        "userDefined": false
      }
    ],
    "isTemplate": false,
    "count": 0,
    "updated": 0
  },
  {
    "id": "3fa826c9-acd7-41ea-91c9-6012c78f52b9",
    "data": [
      {
        "text": "Hello my ",
        "userDefined": false
      },
      {
        "text": "name",
        "meta": "@sys.ignore",
        "userDefined": false
      },
      {
        "text": " is ",
        "userDefined": false
      },
      {
        "text": "name",
        "alias": "name",
        "meta": "@name",
        "userDefined": false
      }
    ],
    "isTemplate": false,
    "count": 0,
    "updated": 0
  },
  {
    "id": "e3e6deba-7b67-4a66-84f0-255f8fc96870",
    "data": [
      {
        "text": "My ",
        "userDefined": false
      },
      {
        "text": "name",
        "meta": "@sys.ignore",
        "userDefined": false
      },
      {
        "text": " is ",
        "userDefined": false
      },
      {
        "text": "name",
        "alias": "name",
        "meta": "@name",
        "userDefined": false
      }
    ],
    "isTemplate": false,
    "count": 0,
    "updated": 0
  },
  {
    "id": "bf4f95d1-8d07-4d5d-a35d-ebc7369b2e8f",
    "data": [
      {
        "text": "name",
        "alias": "name",
        "meta": "@name",
        "userDefined": false
      }
    ],
    "isTemplate": false,
    "count": 0,
    "updated": 0
  }
]