[
  {
    "id": "ba777192-8a40-498c-b6e3-67947a71ae6f",
    "data": [
      {
        "text": "Thanks",
        "alias": "finish",
        "meta": "@finish",
        "userDefined": false
      },
      {
        "text": " it was ",
        "userDefined": false
      },
      {
        "text": "fun",
        "meta": "@sys.ignore",
        "userDefined": false
      },
      {
        "text": " playing together.",
        "userDefined": false
      }
    ],
    "isTemplate": false,
    "count": 0,
    "updated": 0
  },
  {
    "id": "63dd7c99-59c9-45d2-b8d1-fb2b8e03b165",
    "data": [
      {
        "text": "Thank you",
        "alias": "finish",
        "meta": "@finish",
        "userDefined": false
      },
      {
        "text": " it was ",
        "userDefined": false
      },
      {
        "text": "fun",
        "meta": "@sys.ignore",
        "userDefined": false
      },
      {
        "text": " playing together.",
        "userDefined": false
      }
    ],
    "isTemplate": false,
    "count": 0,
    "updated": 0
  }
]