[
  {
    "id": "829cdbd1-b510-48c5-8270-0942af650a31",
    "data": [
      {
        "text": "I ",
        "userDefined": false
      },
      {
        "text": "don\u0027t like",
        "alias": "play",
        "meta": "@play",
        "userDefined": true
      },
      {
        "text": " playing games.",
        "userDefined": false
      }
    ],
    "isTemplate": false,
    "count": 0,
    "updated": 0
  },
  {
    "id": "26d8dc81-8d7e-463e-b55e-250d170ba5de",
    "data": [
      {
        "text": "I ",
        "userDefined": false
      },
      {
        "text": "love",
        "alias": "play",
        "meta": "@play",
        "userDefined": false
      },
      {
        "text": " playing games.",
        "userDefined": false
      }
    ],
    "isTemplate": false,
    "count": 0,
    "updated": 0
  },
  {
    "id": "5e6896e1-822c-4694-aa1b-71bb7e74b7f5",
    "data": [
      {
        "text": "I ",
        "userDefined": false
      },
      {
        "text": "don\u0027t want",
        "alias": "play",
        "meta": "@play",
        "userDefined": true
      },
      {
        "text": " to",
        "userDefined": false
      }
    ],
    "isTemplate": false,
    "count": 0,
    "updated": 0
  },
  {
    "id": "e088f4fd-a46b-413b-947d-a2bdd4d7aa5a",
    "data": [
      {
        "text": "I would ",
        "userDefined": false
      },
      {
        "text": "love",
        "alias": "play",
        "meta": "@play",
        "userDefined": true
      },
      {
        "text": " to.",
        "userDefined": false
      }
    ],
    "isTemplate": false,
    "count": 0,
    "updated": 0
  }
]