[
  {
    "id": "b202fe2e-b107-4538-a1f1-686c79ad7523",
    "data": [
      {
        "text": "I ",
        "userDefined": false
      },
      {
        "text": "don\u0027t",
        "alias": "yesno",
        "meta": "@yesno",
        "userDefined": false
      },
      {
        "text": " want to.",
        "userDefined": false
      }
    ],
    "isTemplate": false,
    "count": 0,
    "updated": 0
  },
  {
    "id": "3837795d-5cd0-4b04-8aa5-e842074b222e",
    "data": [
      {
        "text": "No",
        "alias": "yesno",
        "meta": "@yesno",
        "userDefined": true
      },
      {
        "text": ", I am not in the mood right now.",
        "userDefined": false
      }
    ],
    "isTemplate": false,
    "count": 0,
    "updated": 0
  },
  {
    "id": "a180bc79-9dda-4107-8b35-f467bdef7f9c",
    "data": [
      {
        "text": "Yes",
        "alias": "yesno",
        "meta": "@yesno",
        "userDefined": true
      },
      {
        "text": ", I would like to ",
        "userDefined": false
      },
      {
        "text": "play",
        "meta": "@sys.ignore",
        "userDefined": false
      },
      {
        "text": " that game.",
        "userDefined": false
      }
    ],
    "isTemplate": false,
    "count": 0,
    "updated": 0
  },
  {
    "id": "d241eac1-7010-4611-ab3e-17121b15020a",
    "data": [
      {
        "text": "Sure",
        "alias": "yesno",
        "meta": "@yesno",
        "userDefined": true
      },
      {
        "text": ", let\u0027s ",
        "userDefined": false
      },
      {
        "text": "play",
        "meta": "@sys.ignore",
        "userDefined": false
      },
      {
        "text": " that game.",
        "userDefined": false
      }
    ],
    "isTemplate": false,
    "count": 0,
    "updated": 0
  }
]