[
  {
    "id": "da39b971-abc1-4a4e-9c36-dccefc332a5e",
    "data": [
      {
        "text": "sudoku",
        "alias": "game",
        "meta": "@game",
        "userDefined": false
      }
    ],
    "isTemplate": false,
    "count": 0,
    "updated": 0
  },
  {
    "id": "f2528343-4ee8-43e1-89fc-457682106856",
    "data": [
      {
        "text": "number",
        "alias": "game",
        "meta": "@game",
        "userDefined": false
      }
    ],
    "isTemplate": false,
    "count": 0,
    "updated": 0
  },
  {
    "id": "2e184c00-22ff-404a-9b30-61bfc3439c0d",
    "data": [
      {
        "text": "Let\u0027s ",
        "userDefined": false
      },
      {
        "text": "play",
        "meta": "@sys.ignore",
        "userDefined": false
      },
      {
        "text": " the ",
        "userDefined": false
      },
      {
        "text": "number",
        "alias": "game",
        "meta": "@game",
        "userDefined": true
      },
      {
        "text": " game.",
        "userDefined": false
      }
    ],
    "isTemplate": false,
    "count": 0,
    "updated": 0
  },
  {
    "id": "46c9367a-58cd-4841-9393-d23ddb423ad7",
    "data": [
      {
        "text": "Pick",
        "alias": "game",
        "meta": "@game",
        "userDefined": false
      },
      {
        "text": " something for me",
        "userDefined": false
      }
    ],
    "isTemplate": false,
    "count": 0,
    "updated": 0
  },
  {
    "id": "bd182ade-3089-4f46-b72e-095030094160",
    "data": [
      {
        "text": "Pick",
        "alias": "game",
        "meta": "@game",
        "userDefined": true
      },
      {
        "text": " a ",
        "userDefined": false
      },
      {
        "text": "random",
        "alias": "game",
        "meta": "@game",
        "userDefined": false
      },
      {
        "text": " game.",
        "userDefined": false
      }
    ],
    "isTemplate": false,
    "count": 0,
    "updated": 0
  },
  {
    "id": "2c10cfea-73f1-49f0-87bc-c138fc754d80",
    "data": [
      {
        "text": "You can ",
        "userDefined": false
      },
      {
        "text": "choose",
        "alias": "game",
        "meta": "@game",
        "userDefined": false
      },
      {
        "text": " something.",
        "userDefined": false
      }
    ],
    "isTemplate": false,
    "count": 0,
    "updated": 0
  },
  {
    "id": "cd502173-c9f8-49af-9bfd-9157853923aa",
    "data": [
      {
        "text": "I want to ",
        "userDefined": false
      },
      {
        "text": "play",
        "meta": "@sys.ignore",
        "userDefined": false
      },
      {
        "text": " the ",
        "userDefined": false
      },
      {
        "text": "ordering",
        "alias": "game",
        "meta": "@game",
        "userDefined": false
      },
      {
        "text": " game.",
        "userDefined": false
      }
    ],
    "isTemplate": false,
    "count": 0,
    "updated": 0
  },
  {
    "id": "bbf7cf47-5dbd-4f17-b23c-2daa9e85e617",
    "data": [
      {
        "text": "I want to ",
        "userDefined": false
      },
      {
        "text": "play",
        "meta": "@sys.ignore",
        "userDefined": false
      },
      {
        "text": " ",
        "userDefined": false
      },
      {
        "text": "Sudoku",
        "alias": "game",
        "meta": "@game",
        "userDefined": false
      }
    ],
    "isTemplate": false,
    "count": 0,
    "updated": 0
  },
  {
    "id": "54eca7ff-b022-415d-82f5-5e07c3a6ba8c",
    "data": [
      {
        "text": "Let\u0027s ",
        "userDefined": false
      },
      {
        "text": "play",
        "meta": "@sys.ignore",
        "userDefined": false
      },
      {
        "text": " ",
        "userDefined": false
      },
      {
        "text": "Sudoku",
        "alias": "game",
        "meta": "@game",
        "userDefined": false
      }
    ],
    "isTemplate": false,
    "count": 0,
    "updated": 0
  },
  {
    "id": "fbb8b8d9-aee9-460a-96ab-14a5b31f92c9",
    "data": [
      {
        "text": "I am ",
        "userDefined": false
      },
      {
        "text": "not sure",
        "alias": "game",
        "meta": "@game",
        "userDefined": true
      }
    ],
    "isTemplate": false,
    "count": 1,
    "updated": 0
  },
  {
    "id": "bdd748d3-a381-47c0-97b5-85e0413fb32f",
    "data": [
      {
        "text": "Oh dear, I ",
        "userDefined": false
      },
      {
        "text": "don\u0027t know",
        "alias": "game",
        "meta": "@game",
        "userDefined": true
      },
      {
        "text": ".",
        "userDefined": false
      }
    ],
    "isTemplate": false,
    "count": 0,
    "updated": 0
  }
]